Battery,fulldir
b2c0,D:\MasterStudiengang\21WiSe\Semesterarbeit\Git_repository_13102021\batterytesting_eol_prediction-main\data\MIT\CSV_time\Stanford_18650_LFP_30deg_0-100_1C(4p)-6C_4c_b2c0.csv
b2c1,D:\MasterStudiengang\21WiSe\Semesterarbeit\Git_repository_13102021\batterytesting_eol_prediction-main\data\MIT\CSV_time\Stanford_18650_LFP_30deg_0-100_2C(10p)-6C_4c_b2c1.csv
b2c2,D:\MasterStudiengang\21WiSe\Semesterarbeit\Git_repository_13102021\batterytesting_eol_prediction-main\data\MIT\CSV_time\Stanford_18650_LFP_30deg_0-100_2C(2p)-5C_4c_b2c2.csv
b2c3,D:\MasterStudiengang\21WiSe\Semesterarbeit\Git_repository_13102021\batterytesting_eol_prediction-main\data\MIT\CSV_time\Stanford_18650_LFP_30deg_0-100_2C(7p)-5.5C_4c_b2c3.csv
b2c4,D:\MasterStudiengang\21WiSe\Semesterarbeit\Git_repository_13102021\batterytesting_eol_prediction-main\data\MIT\CSV_time\Stanford_18650_LFP_30deg_0-100_3.6C(22p)-5.5C_4c_b2c4.csv
b2c5,D:\MasterStudiengang\21WiSe\Semesterarbeit\Git_repository_13102021\batterytesting_eol_prediction-main\data\MIT\CSV_time\Stanford_18650_LFP_30deg_0-100_3.6C(2p)-4.85C_4c_b2c5.csv
b2c6,D:\MasterStudiengang\21WiSe\Semesterarbeit\Git_repository_13102021\batterytesting_eol_prediction-main\data\MIT\CSV_time\Stanford_18650_LFP_30deg_0-100_3.6C(30p)-6C_4c_b2c6.csv
b1c0,D:\MasterStudiengang\21WiSe\Semesterarbeit\Git_repository_13102021\batterytesting_eol_prediction-main\data\MIT\CSV_time\Stanford_18650_LFP_30deg_0-100_3.6C(80p)-3.6C_4c_b1c0.csv
b1c1,D:\MasterStudiengang\21WiSe\Semesterarbeit\Git_repository_13102021\batterytesting_eol_prediction-main\data\MIT\CSV_time\Stanford_18650_LFP_30deg_0-100_3.6C(80p)-3.6C_4c_b1c1.csv
b1c2,D:\MasterStudiengang\21WiSe\Semesterarbeit\Git_repository_13102021\batterytesting_eol_prediction-main\data\MIT\CSV_time\Stanford_18650_LFP_30deg_0-100_3.6C(80p)-3.6C_4c_b1c2.csv
b2c10,D:\MasterStudiengang\21WiSe\Semesterarbeit\Git_repository_13102021\batterytesting_eol_prediction-main\data\MIT\CSV_time\Stanford_18650_LFP_30deg_0-100_3.6C(9p)-5C_4c_b2c10.csv
b3c21,D:\MasterStudiengang\21WiSe\Semesterarbeit\Git_repository_13102021\batterytesting_eol_prediction-main\data\MIT\CSV_time\Stanford_18650_LFP_30deg_0-100_3.7C(31p)-5.9C-newstructure_4c_b3c21.csv
b3c28,D:\MasterStudiengang\21WiSe\Semesterarbeit\Git_repository_13102021\batterytesting_eol_prediction-main\data\MIT\CSV_time\Stanford_18650_LFP_30deg_0-100_3.7C(31p)-5.9C-newstructure_4c_b3c28.csv
b3c6,D:\MasterStudiengang\21WiSe\Semesterarbeit\Git_repository_13102021\batterytesting_eol_prediction-main\data\MIT\CSV_time\Stanford_18650_LFP_30deg_0-100_3.7C(31p)-5.9C-newstructure_4c_b3c6.csv
b2c17,D:\MasterStudiengang\21WiSe\Semesterarbeit\Git_repository_13102021\batterytesting_eol_prediction-main\data\MIT\CSV_time\Stanford_18650_LFP_30deg_0-100_4.4C(24p)-5C_4c_b2c17.csv
b2c18,D:\MasterStudiengang\21WiSe\Semesterarbeit\Git_repository_13102021\batterytesting_eol_prediction-main\data\MIT\CSV_time\Stanford_18650_LFP_30deg_0-100_4.4C(47p)-5.5C_4c_b2c18.csv
b2c19,D:\MasterStudiengang\21WiSe\Semesterarbeit\Git_repository_13102021\batterytesting_eol_prediction-main\data\MIT\CSV_time\Stanford_18650_LFP_30deg_0-100_4.4C(55p)-6C_4c_b2c19.csv
b1c5,D:\MasterStudiengang\21WiSe\Semesterarbeit\Git_repository_13102021\batterytesting_eol_prediction-main\data\MIT\CSV_time\Stanford_18650_LFP_30deg_0-100_4.4C(80p)-4.4C_4c_b1c5.csv
b2c20,D:\MasterStudiengang\21WiSe\Semesterarbeit\Git_repository_13102021\batterytesting_eol_prediction-main\data\MIT\CSV_time\Stanford_18650_LFP_30deg_0-100_4.4C(8p)-4.85C_4c_b2c20.csv
b2c21,D:\MasterStudiengang\21WiSe\Semesterarbeit\Git_repository_13102021\batterytesting_eol_prediction-main\data\MIT\CSV_time\Stanford_18650_LFP_30deg_0-100_4.65C(19p)-4.85C_4c_b2c21.csv
b2c22,D:\MasterStudiengang\21WiSe\Semesterarbeit\Git_repository_13102021\batterytesting_eol_prediction-main\data\MIT\CSV_time\Stanford_18650_LFP_30deg_0-100_4.65C(44p)-5C_4c_b2c22.csv
b2c23,D:\MasterStudiengang\21WiSe\Semesterarbeit\Git_repository_13102021\batterytesting_eol_prediction-main\data\MIT\CSV_time\Stanford_18650_LFP_30deg_0-100_4.65C(69p)-6C_4c_b2c23.csv
b3c10,D:\MasterStudiengang\21WiSe\Semesterarbeit\Git_repository_13102021\batterytesting_eol_prediction-main\data\MIT\CSV_time\Stanford_18650_LFP_30deg_0-100_4.8C(80p)-4.8C-newstructure_4c_b3c10.csv
b3c16,D:\MasterStudiengang\21WiSe\Semesterarbeit\Git_repository_13102021\batterytesting_eol_prediction-main\data\MIT\CSV_time\Stanford_18650_LFP_30deg_0-100_4.8C(80p)-4.8C-newstructure_4c_b3c16.csv
b3c42,D:\MasterStudiengang\21WiSe\Semesterarbeit\Git_repository_13102021\batterytesting_eol_prediction-main\data\MIT\CSV_time\Stanford_18650_LFP_30deg_0-100_4.8C(80p)-4.8C-newstructure_4c_b3c42.csv
b3c45,D:\MasterStudiengang\21WiSe\Semesterarbeit\Git_repository_13102021\batterytesting_eol_prediction-main\data\MIT\CSV_time\Stanford_18650_LFP_30deg_0-100_4.8C(80p)-4.8C-newstructure_4c_b3c45.csv
b3c7,D:\MasterStudiengang\21WiSe\Semesterarbeit\Git_repository_13102021\batterytesting_eol_prediction-main\data\MIT\CSV_time\Stanford_18650_LFP_30deg_0-100_4.8C(80p)-4.8C-newstructure_4c_b3c7.csv
b1c6,D:\MasterStudiengang\21WiSe\Semesterarbeit\Git_repository_13102021\batterytesting_eol_prediction-main\data\MIT\CSV_time\Stanford_18650_LFP_30deg_0-100_4.8C(80p)-4.8C_4c_b1c6.csv
b1c7,D:\MasterStudiengang\21WiSe\Semesterarbeit\Git_repository_13102021\batterytesting_eol_prediction-main\data\MIT\CSV_time\Stanford_18650_LFP_30deg_0-100_4.8C(80p)-4.8C_4c_b1c7.csv
b2c24,D:\MasterStudiengang\21WiSe\Semesterarbeit\Git_repository_13102021\batterytesting_eol_prediction-main\data\MIT\CSV_time\Stanford_18650_LFP_30deg_0-100_4.8C(80p)-4.8C_4c_b2c24.csv
b2c25,D:\MasterStudiengang\21WiSe\Semesterarbeit\Git_repository_13102021\batterytesting_eol_prediction-main\data\MIT\CSV_time\Stanford_18650_LFP_30deg_0-100_4.8C(80p)-4.8C_4c_b2c25.csv
b2c26,D:\MasterStudiengang\21WiSe\Semesterarbeit\Git_repository_13102021\batterytesting_eol_prediction-main\data\MIT\CSV_time\Stanford_18650_LFP_30deg_0-100_4.8C(80p)-4.8C_4c_b2c26.csv
b2c27,D:\MasterStudiengang\21WiSe\Semesterarbeit\Git_repository_13102021\batterytesting_eol_prediction-main\data\MIT\CSV_time\Stanford_18650_LFP_30deg_0-100_4.9C(27p)-4.75C_4c_b2c27.csv
b2c28,D:\MasterStudiengang\21WiSe\Semesterarbeit\Git_repository_13102021\batterytesting_eol_prediction-main\data\MIT\CSV_time\Stanford_18650_LFP_30deg_0-100_4.9C(61p)-4.5C_4c_b2c28.csv
b2c29,D:\MasterStudiengang\21WiSe\Semesterarbeit\Git_repository_13102021\batterytesting_eol_prediction-main\data\MIT\CSV_time\Stanford_18650_LFP_30deg_0-100_4.9C(69p)-4.25C_4c_b2c29.csv
b2c11,D:\MasterStudiengang\21WiSe\Semesterarbeit\Git_repository_13102021\batterytesting_eol_prediction-main\data\MIT\CSV_time\Stanford_18650_LFP_30deg_0-100_4C(13p)-5C_4c_b2c11.csv
b2c12,D:\MasterStudiengang\21WiSe\Semesterarbeit\Git_repository_13102021\batterytesting_eol_prediction-main\data\MIT\CSV_time\Stanford_18650_LFP_30deg_0-100_4C(31p)-5_4c_b2c12.csv
b2c13,D:\MasterStudiengang\21WiSe\Semesterarbeit\Git_repository_13102021\batterytesting_eol_prediction-main\data\MIT\CSV_time\Stanford_18650_LFP_30deg_0-100_4C(40p)-6C_4c_b2c13.csv
b2c14,D:\MasterStudiengang\21WiSe\Semesterarbeit\Git_repository_13102021\batterytesting_eol_prediction-main\data\MIT\CSV_time\Stanford_18650_LFP_30deg_0-100_4C(4p)-4.85C_4c_b2c14.csv
b1c4,D:\MasterStudiengang\21WiSe\Semesterarbeit\Git_repository_13102021\batterytesting_eol_prediction-main\data\MIT\CSV_time\Stanford_18650_LFP_30deg_0-100_4C(80p)-4C_4c_b1c4.csv
b2c30,D:\MasterStudiengang\21WiSe\Semesterarbeit\Git_repository_13102021\batterytesting_eol_prediction-main\data\MIT\CSV_time\Stanford_18650_LFP_30deg_0-100_5.2C(10p)-4.75C_4c_b2c30.csv
b2c31,D:\MasterStudiengang\21WiSe\Semesterarbeit\Git_repository_13102021\batterytesting_eol_prediction-main\data\MIT\CSV_time\Stanford_18650_LFP_30deg_0-100_5.2C(37p)-4.5C_4c_b2c31.csv
b2c32,D:\MasterStudiengang\21WiSe\Semesterarbeit\Git_repository_13102021\batterytesting_eol_prediction-main\data\MIT\CSV_time\Stanford_18650_LFP_30deg_0-100_5.2C(50p)-4.25C_4c_b2c32.csv
b2c33,D:\MasterStudiengang\21WiSe\Semesterarbeit\Git_repository_13102021\batterytesting_eol_prediction-main\data\MIT\CSV_time\Stanford_18650_LFP_30deg_0-100_5.2C(58p)-4C_4c_b2c33.csv
b2c34,D:\MasterStudiengang\21WiSe\Semesterarbeit\Git_repository_13102021\batterytesting_eol_prediction-main\data\MIT\CSV_time\Stanford_18650_LFP_30deg_0-100_5.2C(66p)-3.5C_4c_b2c34.csv
b2c35,D:\MasterStudiengang\21WiSe\Semesterarbeit\Git_repository_13102021\batterytesting_eol_prediction-main\data\MIT\CSV_time\Stanford_18650_LFP_30deg_0-100_5.2C(71p)-3C_4c_b2c35.csv
b3c1,D:\MasterStudiengang\21WiSe\Semesterarbeit\Git_repository_13102021\batterytesting_eol_prediction-main\data\MIT\CSV_time\Stanford_18650_LFP_30deg_0-100_5.3C(54p)-4C-newstructure_4c_b3c1.csv
b3c17,D:\MasterStudiengang\21WiSe\Semesterarbeit\Git_repository_13102021\batterytesting_eol_prediction-main\data\MIT\CSV_time\Stanford_18650_LFP_30deg_0-100_5.3C(54p)-4C-newstructure_4c_b3c17.csv
b3c25,D:\MasterStudiengang\21WiSe\Semesterarbeit\Git_repository_13102021\batterytesting_eol_prediction-main\data\MIT\CSV_time\Stanford_18650_LFP_30deg_0-100_5.3C(54p)-4C-newstructure_4c_b3c25.csv
b3c30,D:\MasterStudiengang\21WiSe\Semesterarbeit\Git_repository_13102021\batterytesting_eol_prediction-main\data\MIT\CSV_time\Stanford_18650_LFP_30deg_0-100_5.3C(54p)-4C-newstructure_4c_b3c30.csv
b3c34,D:\MasterStudiengang\21WiSe\Semesterarbeit\Git_repository_13102021\batterytesting_eol_prediction-main\data\MIT\CSV_time\Stanford_18650_LFP_30deg_0-100_5.3C(54p)-4C-newstructure_4c_b3c34.csv
b3c44,D:\MasterStudiengang\21WiSe\Semesterarbeit\Git_repository_13102021\batterytesting_eol_prediction-main\data\MIT\CSV_time\Stanford_18650_LFP_30deg_0-100_5.3C(54p)-4C-newstructure_4c_b3c44.csv
b3c9,D:\MasterStudiengang\21WiSe\Semesterarbeit\Git_repository_13102021\batterytesting_eol_prediction-main\data\MIT\CSV_time\Stanford_18650_LFP_30deg_0-100_5.3C(54p)-4C-newstructure_4c_b3c9.csv
b1c9,D:\MasterStudiengang\21WiSe\Semesterarbeit\Git_repository_13102021\batterytesting_eol_prediction-main\data\MIT\CSV_time\Stanford_18650_LFP_30deg_0-100_5.4C(40p)-3.6C_4c_b1c9.csv
b1c11,D:\MasterStudiengang\21WiSe\Semesterarbeit\Git_repository_13102021\batterytesting_eol_prediction-main\data\MIT\CSV_time\Stanford_18650_LFP_30deg_0-100_5.4C(50p)-3C_4c_b1c11.csv
b1c16,D:\MasterStudiengang\21WiSe\Semesterarbeit\Git_repository_13102021\batterytesting_eol_prediction-main\data\MIT\CSV_time\Stanford_18650_LFP_30deg_0-100_5.4C(60p)-3.6C_4c_b1c16.csv
b1c17,D:\MasterStudiengang\21WiSe\Semesterarbeit\Git_repository_13102021\batterytesting_eol_prediction-main\data\MIT\CSV_time\Stanford_18650_LFP_30deg_0-100_5.4C(60p)-3.6C_4c_b1c17.csv
b1c14,D:\MasterStudiengang\21WiSe\Semesterarbeit\Git_repository_13102021\batterytesting_eol_prediction-main\data\MIT\CSV_time\Stanford_18650_LFP_30deg_0-100_5.4C(60p)-3C_4c_b1c14.csv
b1c15,D:\MasterStudiengang\21WiSe\Semesterarbeit\Git_repository_13102021\batterytesting_eol_prediction-main\data\MIT\CSV_time\Stanford_18650_LFP_30deg_0-100_5.4C(60p)-3C_4c_b1c15.csv
b1c18,D:\MasterStudiengang\21WiSe\Semesterarbeit\Git_repository_13102021\batterytesting_eol_prediction-main\data\MIT\CSV_time\Stanford_18650_LFP_30deg_0-100_5.4C(70p)-3C_4c_b1c18.csv
b1c19,D:\MasterStudiengang\21WiSe\Semesterarbeit\Git_repository_13102021\batterytesting_eol_prediction-main\data\MIT\CSV_time\Stanford_18650_LFP_30deg_0-100_5.4C(70p)-3C_4c_b1c19.csv
b1c20,D:\MasterStudiengang\21WiSe\Semesterarbeit\Git_repository_13102021\batterytesting_eol_prediction-main\data\MIT\CSV_time\Stanford_18650_LFP_30deg_0-100_5.4C(80p)-5.4C_4c_b1c20.csv
b1c21,D:\MasterStudiengang\21WiSe\Semesterarbeit\Git_repository_13102021\batterytesting_eol_prediction-main\data\MIT\CSV_time\Stanford_18650_LFP_30deg_0-100_5.4C(80p)-5.4C_4c_b1c21.csv
b3c11,D:\MasterStudiengang\21WiSe\Semesterarbeit\Git_repository_13102021\batterytesting_eol_prediction-main\data\MIT\CSV_time\Stanford_18650_LFP_30deg_0-100_5.6C(19p)-4.6C-newstructure_4c_b3c11.csv
b3c13,D:\MasterStudiengang\21WiSe\Semesterarbeit\Git_repository_13102021\batterytesting_eol_prediction-main\data\MIT\CSV_time\Stanford_18650_LFP_30deg_0-100_5.6C(19p)-4.6C-newstructure_4c_b3c13.csv
b3c18,D:\MasterStudiengang\21WiSe\Semesterarbeit\Git_repository_13102021\batterytesting_eol_prediction-main\data\MIT\CSV_time\Stanford_18650_LFP_30deg_0-100_5.6C(19p)-4.6C-newstructure_4c_b3c18.csv
b3c26,D:\MasterStudiengang\21WiSe\Semesterarbeit\Git_repository_13102021\batterytesting_eol_prediction-main\data\MIT\CSV_time\Stanford_18650_LFP_30deg_0-100_5.6C(19p)-4.6C-newstructure_4c_b3c26.csv
b3c35,D:\MasterStudiengang\21WiSe\Semesterarbeit\Git_repository_13102021\batterytesting_eol_prediction-main\data\MIT\CSV_time\Stanford_18650_LFP_30deg_0-100_5.6C(19p)-4.6C-newstructure_4c_b3c35.csv
b3c4,D:\MasterStudiengang\21WiSe\Semesterarbeit\Git_repository_13102021\batterytesting_eol_prediction-main\data\MIT\CSV_time\Stanford_18650_LFP_30deg_0-100_5.6C(19p)-4.6C-newstructure_4c_b3c4.csv
b3c40,D:\MasterStudiengang\21WiSe\Semesterarbeit\Git_repository_13102021\batterytesting_eol_prediction-main\data\MIT\CSV_time\Stanford_18650_LFP_30deg_0-100_5.6C(19p)-4.6C-newstructure_4c_b3c40.csv
b2c36,D:\MasterStudiengang\21WiSe\Semesterarbeit\Git_repository_13102021\batterytesting_eol_prediction-main\data\MIT\CSV_time\Stanford_18650_LFP_30deg_0-100_5.6C(25p)-4.5C_4c_b2c36.csv
b3c12,D:\MasterStudiengang\21WiSe\Semesterarbeit\Git_repository_13102021\batterytesting_eol_prediction-main\data\MIT\CSV_time\Stanford_18650_LFP_30deg_0-100_5.6C(36p)-4.3C-newstructure_4c_b3c12.csv
b3c14,D:\MasterStudiengang\21WiSe\Semesterarbeit\Git_repository_13102021\batterytesting_eol_prediction-main\data\MIT\CSV_time\Stanford_18650_LFP_30deg_0-100_5.6C(36p)-4.3C-newstructure_4c_b3c14.csv
b3c19,D:\MasterStudiengang\21WiSe\Semesterarbeit\Git_repository_13102021\batterytesting_eol_prediction-main\data\MIT\CSV_time\Stanford_18650_LFP_30deg_0-100_5.6C(36p)-4.3C-newstructure_4c_b3c19.csv
b3c27,D:\MasterStudiengang\21WiSe\Semesterarbeit\Git_repository_13102021\batterytesting_eol_prediction-main\data\MIT\CSV_time\Stanford_18650_LFP_30deg_0-100_5.6C(36p)-4.3C-newstructure_4c_b3c27.csv
b3c3,D:\MasterStudiengang\21WiSe\Semesterarbeit\Git_repository_13102021\batterytesting_eol_prediction-main\data\MIT\CSV_time\Stanford_18650_LFP_30deg_0-100_5.6C(36p)-4.3C-newstructure_4c_b3c3.csv
b3c36,D:\MasterStudiengang\21WiSe\Semesterarbeit\Git_repository_13102021\batterytesting_eol_prediction-main\data\MIT\CSV_time\Stanford_18650_LFP_30deg_0-100_5.6C(36p)-4.3C-newstructure_4c_b3c36.csv
b3c41,D:\MasterStudiengang\21WiSe\Semesterarbeit\Git_repository_13102021\batterytesting_eol_prediction-main\data\MIT\CSV_time\Stanford_18650_LFP_30deg_0-100_5.6C(36p)-4.3C-newstructure_4c_b3c41.csv
b3c5,D:\MasterStudiengang\21WiSe\Semesterarbeit\Git_repository_13102021\batterytesting_eol_prediction-main\data\MIT\CSV_time\Stanford_18650_LFP_30deg_0-100_5.6C(36p)-4.3C-newstructure_4c_b3c5.csv
b2c37,D:\MasterStudiengang\21WiSe\Semesterarbeit\Git_repository_13102021\batterytesting_eol_prediction-main\data\MIT\CSV_time\Stanford_18650_LFP_30deg_0-100_5.6C(38p)-4.25C_4c_b2c37.csv
b2c38,D:\MasterStudiengang\21WiSe\Semesterarbeit\Git_repository_13102021\batterytesting_eol_prediction-main\data\MIT\CSV_time\Stanford_18650_LFP_30deg_0-100_5.6C(47p)-4C_4c_b2c38.csv
b2c39,D:\MasterStudiengang\21WiSe\Semesterarbeit\Git_repository_13102021\batterytesting_eol_prediction-main\data\MIT\CSV_time\Stanford_18650_LFP_30deg_0-100_5.6C(58p)-3.5C_4c_b2c39.csv
b2c40,D:\MasterStudiengang\21WiSe\Semesterarbeit\Git_repository_13102021\batterytesting_eol_prediction-main\data\MIT\CSV_time\Stanford_18650_LFP_30deg_0-100_5.6C(5p)-4.75C_4c_b2c40.csv
b2c41,D:\MasterStudiengang\21WiSe\Semesterarbeit\Git_repository_13102021\batterytesting_eol_prediction-main\data\MIT\CSV_time\Stanford_18650_LFP_30deg_0-100_5.6C(65p)-3C_4c_b2c41.csv
b3c15,D:\MasterStudiengang\21WiSe\Semesterarbeit\Git_repository_13102021\batterytesting_eol_prediction-main\data\MIT\CSV_time\Stanford_18650_LFP_30deg_0-100_5.9C(15p)-4.6C-newstructure_4c_b3c15.csv
b3c29,D:\MasterStudiengang\21WiSe\Semesterarbeit\Git_repository_13102021\batterytesting_eol_prediction-main\data\MIT\CSV_time\Stanford_18650_LFP_30deg_0-100_5.9C(15p)-4.6C-newstructure_4c_b3c29.csv
b3c22,D:\MasterStudiengang\21WiSe\Semesterarbeit\Git_repository_13102021\batterytesting_eol_prediction-main\data\MIT\CSV_time\Stanford_18650_LFP_30deg_0-100_5.9C(60p)-3.1C-newstructure_4c_b3c22.csv
b3c31,D:\MasterStudiengang\21WiSe\Semesterarbeit\Git_repository_13102021\batterytesting_eol_prediction-main\data\MIT\CSV_time\Stanford_18650_LFP_30deg_0-100_5.9C(60p)-3.1C-newstructure_4c_b3c31.csv
b3c0,D:\MasterStudiengang\21WiSe\Semesterarbeit\Git_repository_13102021\batterytesting_eol_prediction-main\data\MIT\CSV_time\Stanford_18650_LFP_30deg_0-100_5C(67p)-4C-newstructure_4c_b3c0.csv
b3c20,D:\MasterStudiengang\21WiSe\Semesterarbeit\Git_repository_13102021\batterytesting_eol_prediction-main\data\MIT\CSV_time\Stanford_18650_LFP_30deg_0-100_5C(67p)-4C-newstructure_4c_b3c20.csv
b3c24,D:\MasterStudiengang\21WiSe\Semesterarbeit\Git_repository_13102021\batterytesting_eol_prediction-main\data\MIT\CSV_time\Stanford_18650_LFP_30deg_0-100_5C(67p)-4C-newstructure_4c_b3c24.csv
b3c33,D:\MasterStudiengang\21WiSe\Semesterarbeit\Git_repository_13102021\batterytesting_eol_prediction-main\data\MIT\CSV_time\Stanford_18650_LFP_30deg_0-100_5C(67p)-4C-newstructure_4c_b3c33.csv
b3c43,D:\MasterStudiengang\21WiSe\Semesterarbeit\Git_repository_13102021\batterytesting_eol_prediction-main\data\MIT\CSV_time\Stanford_18650_LFP_30deg_0-100_5C(67p)-4C-newstructure_4c_b3c43.csv
b3c8,D:\MasterStudiengang\21WiSe\Semesterarbeit\Git_repository_13102021\batterytesting_eol_prediction-main\data\MIT\CSV_time\Stanford_18650_LFP_30deg_0-100_5C(67p)-4C-newstructure_4c_b3c8.csv
b2c42,D:\MasterStudiengang\21WiSe\Semesterarbeit\Git_repository_13102021\batterytesting_eol_prediction-main\data\MIT\CSV_time\Stanford_18650_LFP_30deg_0-100_6C(20p)-4.5C_4c_b2c42.csv
b1c23,D:\MasterStudiengang\21WiSe\Semesterarbeit\Git_repository_13102021\batterytesting_eol_prediction-main\data\MIT\CSV_time\Stanford_18650_LFP_30deg_0-100_6C(30p)-3.6C_4c_b1c23.csv
b2c43,D:\MasterStudiengang\21WiSe\Semesterarbeit\Git_repository_13102021\batterytesting_eol_prediction-main\data\MIT\CSV_time\Stanford_18650_LFP_30deg_0-100_6C(31p)-4.25C_4c_b2c43.csv
b1c26,D:\MasterStudiengang\21WiSe\Semesterarbeit\Git_repository_13102021\batterytesting_eol_prediction-main\data\MIT\CSV_time\Stanford_18650_LFP_30deg_0-100_6C(40p)-3.6C_4c_b1c26.csv
b1c27,D:\MasterStudiengang\21WiSe\Semesterarbeit\Git_repository_13102021\batterytesting_eol_prediction-main\data\MIT\CSV_time\Stanford_18650_LFP_30deg_0-100_6C(40p)-3.6C_4c_b1c27.csv
b1c24,D:\MasterStudiengang\21WiSe\Semesterarbeit\Git_repository_13102021\batterytesting_eol_prediction-main\data\MIT\CSV_time\Stanford_18650_LFP_30deg_0-100_6C(40p)-3C_4c_b1c24.csv
b1c25,D:\MasterStudiengang\21WiSe\Semesterarbeit\Git_repository_13102021\batterytesting_eol_prediction-main\data\MIT\CSV_time\Stanford_18650_LFP_30deg_0-100_6C(40p)-3C_4c_b1c25.csv
b2c44,D:\MasterStudiengang\21WiSe\Semesterarbeit\Git_repository_13102021\batterytesting_eol_prediction-main\data\MIT\CSV_time\Stanford_18650_LFP_30deg_0-100_6C(40p)-4C_4c_b2c44.csv
b2c45,D:\MasterStudiengang\21WiSe\Semesterarbeit\Git_repository_13102021\batterytesting_eol_prediction-main\data\MIT\CSV_time\Stanford_18650_LFP_30deg_0-100_6C(4p)-4.75C_4c_b2c45.csv
b1c30,D:\MasterStudiengang\21WiSe\Semesterarbeit\Git_repository_13102021\batterytesting_eol_prediction-main\data\MIT\CSV_time\Stanford_18650_LFP_30deg_0-100_6C(50p)-3.6C_4c_b1c30.csv
b1c31,D:\MasterStudiengang\21WiSe\Semesterarbeit\Git_repository_13102021\batterytesting_eol_prediction-main\data\MIT\CSV_time\Stanford_18650_LFP_30deg_0-100_6C(50p)-3.6C_4c_b1c31.csv
b1c28,D:\MasterStudiengang\21WiSe\Semesterarbeit\Git_repository_13102021\batterytesting_eol_prediction-main\data\MIT\CSV_time\Stanford_18650_LFP_30deg_0-100_6C(50p)-3C_4c_b1c28.csv
b1c29,D:\MasterStudiengang\21WiSe\Semesterarbeit\Git_repository_13102021\batterytesting_eol_prediction-main\data\MIT\CSV_time\Stanford_18650_LFP_30deg_0-100_6C(50p)-3C_4c_b1c29.csv
b2c46,D:\MasterStudiengang\21WiSe\Semesterarbeit\Git_repository_13102021\batterytesting_eol_prediction-main\data\MIT\CSV_time\Stanford_18650_LFP_30deg_0-100_6C(52p)-3.5C_4c_b2c46.csv
b1c32,D:\MasterStudiengang\21WiSe\Semesterarbeit\Git_repository_13102021\batterytesting_eol_prediction-main\data\MIT\CSV_time\Stanford_18650_LFP_30deg_0-100_6C(60p)-3C_4c_b1c32.csv
b1c33,D:\MasterStudiengang\21WiSe\Semesterarbeit\Git_repository_13102021\batterytesting_eol_prediction-main\data\MIT\CSV_time\Stanford_18650_LFP_30deg_0-100_6C(60p)-3C_4c_b1c33.csv
b2c47,D:\MasterStudiengang\21WiSe\Semesterarbeit\Git_repository_13102021\batterytesting_eol_prediction-main\data\MIT\CSV_time\Stanford_18650_LFP_30deg_0-100_6C(60p)-3C_4c_b2c47.csv
b1c34,D:\MasterStudiengang\21WiSe\Semesterarbeit\Git_repository_13102021\batterytesting_eol_prediction-main\data\MIT\CSV_time\Stanford_18650_LFP_30deg_0-100_7C(30p)-3.6C_4c_b1c34.csv
b1c35,D:\MasterStudiengang\21WiSe\Semesterarbeit\Git_repository_13102021\batterytesting_eol_prediction-main\data\MIT\CSV_time\Stanford_18650_LFP_30deg_0-100_7C(30p)-3.6C_4c_b1c35.csv
b1c38,D:\MasterStudiengang\21WiSe\Semesterarbeit\Git_repository_13102021\batterytesting_eol_prediction-main\data\MIT\CSV_time\Stanford_18650_LFP_30deg_0-100_7C(40p)-3.6C_4c_b1c38.csv
b1c39,D:\MasterStudiengang\21WiSe\Semesterarbeit\Git_repository_13102021\batterytesting_eol_prediction-main\data\MIT\CSV_time\Stanford_18650_LFP_30deg_0-100_7C(40p)-3.6C_4c_b1c39.csv
b1c36,D:\MasterStudiengang\21WiSe\Semesterarbeit\Git_repository_13102021\batterytesting_eol_prediction-main\data\MIT\CSV_time\Stanford_18650_LFP_30deg_0-100_7C(40p)-3C_4c_b1c36.csv
b1c37,D:\MasterStudiengang\21WiSe\Semesterarbeit\Git_repository_13102021\batterytesting_eol_prediction-main\data\MIT\CSV_time\Stanford_18650_LFP_30deg_0-100_7C(40p)-3C_4c_b1c37.csv
b1c40,D:\MasterStudiengang\21WiSe\Semesterarbeit\Git_repository_13102021\batterytesting_eol_prediction-main\data\MIT\CSV_time\Stanford_18650_LFP_30deg_0-100_8C(15p)-3.6C_4c_b1c40.csv
b1c41,D:\MasterStudiengang\21WiSe\Semesterarbeit\Git_repository_13102021\batterytesting_eol_prediction-main\data\MIT\CSV_time\Stanford_18650_LFP_30deg_0-100_8C(15p)-3.6C_4c_b1c41.csv
b1c42,D:\MasterStudiengang\21WiSe\Semesterarbeit\Git_repository_13102021\batterytesting_eol_prediction-main\data\MIT\CSV_time\Stanford_18650_LFP_30deg_0-100_8C(25p)-3.6C_4c_b1c42.csv
b1c43,D:\MasterStudiengang\21WiSe\Semesterarbeit\Git_repository_13102021\batterytesting_eol_prediction-main\data\MIT\CSV_time\Stanford_18650_LFP_30deg_0-100_8C(25p)-3.6C_4c_b1c43.csv
b1c44,D:\MasterStudiengang\21WiSe\Semesterarbeit\Git_repository_13102021\batterytesting_eol_prediction-main\data\MIT\CSV_time\Stanford_18650_LFP_30deg_0-100_8C(35p)-3.6C_4c_b1c44.csv
b1c45,D:\MasterStudiengang\21WiSe\Semesterarbeit\Git_repository_13102021\batterytesting_eol_prediction-main\data\MIT\CSV_time\Stanford_18650_LFP_30deg_0-100_8C(35p)-3.6C_4c_b1c45.csv
